Workbook

Sheet Leggimi
A1: PULSE – Budget di Fase A
A2: Giuliano Pennacchio · Giuseppe Parisi — creato il 23/10/2026 (A5.1), regole D-035 e D-036
A4: Come si usa
A5: Celle gialle, testo blu | B5: Valori da inserire. Le celle bianche con testo nero sono formule: non sovrascriverle.
A6: Un file, una persona alla volta | B6: git pull prima di aprire; commit + push subito dopo (come il registro).
A7: Ogni riga | B7: Responsabile, maturità (Catalogo 5% · Catalogo modificato 10% · Nuovo 20%), origine del numero (Datasheet, Calcolo, Stima, TBC, TBD) e riferimento alla decisione.
A8: Margine di sistema | B8: 20% sopra la somma con margini per voce (D-035), nel foglio Parametri.
A9: Limiti di massa | B9: Obiettivo ≤ 32 kg, massimo ≤ 36 kg al rilascio, propellente pieno e margini compresi (D-036).
A10: Responsabile TBC | B10: Voci di piattaforma da assegnare sotto-passo per sotto-passo (D-038, Aperta).
A11: Riga d'esempio | B11: M-08 / P-08 / V-01: unità propulsiva REGULUS-50-I2 Large (A5.2, D-034).
A13: Fogli
A14: Parametri | B14: Margini e limiti di riferimento.
A15: Massa | B15: Budget di massa con margini e verifica dei limiti.
A16: Potenza | B16: Consumi per modo operativo; media sull'orbita in A5.6.
A17: Dati | B17: Volumi per prodotto e al giorno; capacità di scarico da A5.5.
A18: Volume | B18: Ingombri e confronto con l'involucro EXOpod Nova.
A19: Liste | B19: Valori dei menu a tendina.

Sheet Parametri
A1: Parametro | B1: Valore | C1: Unità | D1: Origine
A2: Margine di sistema (massa e potenza) | B2: 0.2 | C2: — | D2: D-035 (ESA TEC-SY/77/2016)
A3: Cablaggi, quota minima della massa secca nominale | B3: 0.05 | C3: — | D3: D-035
A4: Residui di propellente | B4: 0.02 | C4: — | D4: D-035
A5: Margine volume serbatoio | B5: 0.1 | C5: — | D5: D-035
A6: Margine RAM / uso massimo processore | B6: 0.5 | C6: — | D6: D-035
A7: Obiettivo di massa al rilascio | B7: 32 | C7: kg | D7: D-036
A8: Massimo di massa al rilascio | B8: 36 | C8: kg | D8: D-036 (EXOpod Nova, SMPOD16C)
A9: Involucro binari X | B9: 226.3 | C9: mm | D9: D-036 (manuale EXOpod Nova 03/2024)
A10: Involucro binari Y | B10: 226.3 | C10: mm | D10: D-036
A11: Involucro binari Z | B11: 454 | C11: mm | D11: D-036
A12: Sporgenza massima laterale | B12: 39.5 | C12: mm | D12: D-036 (da usare solo se necessario)
A13: Baricentro, scostamento max X / Y | B13: 45 | C13: mm | D13: DR-14
A14: Baricentro, scostamento max Z | B14: 90 | C14: mm | D14: DR-14

Sheet Massa
A1: ID | B1: Sottosistema | C1: Voce | D1: Resp. | E1: Q.tà | F1: Massa unitaria nominale (kg) | G1: Massa nominale (kg) | H1: Maturità | I1: Margine voce | J1: Massa con margine (kg) | K1: Origine | L1: Riferimento | M1: Note
A2: M-01 | B2: ADCS / GNC | C2: Ruote di reazione (4 in piramide, classe 0,1 N·m·s) | D2: Giuliano | E2: 4 | F2: 0.33 | G2: =IF(OR(E2="",F2=""),"",E2*F2) | H2: Catalogo | I2: =IF(H2="","",INDEX(Liste!$B$2:$B$4,MATCH(H2,Liste!$A$2:$A$4,0))) | J2: =IF(OR(G2="",I2=""),"",G2*(1+I2)) | K2: Datasheet | L2: D-048 | M2: BCT RWp100 (dati indicativi del costruttore). Alternativa W4: 4 × RW-0.06 da 0,233 kg
A3: M-02 | B3: ADCS / GNC | C3: Star tracker (2 teste, classe ST-16RT2) | D3: Giuliano | E3: 2 | F3: 0.235 | G3: =IF(OR(E3="",F3=""),"",E3*F3) | H3: Catalogo | I3: =IF(H3="","",INDEX(Liste!$B$2:$B$4,MATCH(H3,Liste!$A$2:$A$4,0))) | J3: =IF(OR(G3="",I3=""),"",G3*(1+I3)) | K3: Datasheet | L3: D-051 | M3: Rocket Lab ST-16RT2 con paraluce grande (158 g senza, 185 g corto, 235 g grande): valore prudente
A4: M-03 | B4: ADCS / GNC | C4: Giroscopio / IMU (classe GY2, inviluppo GY3) | D4: Giuliano | E4: 1 | F4: 0.7 | G4: =IF(OR(E4="",F4=""),"",E4*F4) | H4: Catalogo | I4: =IF(H4="","",INDEX(Liste!$B$2:$B$4,MATCH(H4,Liste!$A$2:$A$4,0))) | J4: =IF(OR(G4="",I4=""),"",G4*(1+I4)) | K4: Datasheet | L4: D-050 | M4: Inviluppo KVH 1750 (0,7 kg max). Riferimento di prestazione 3 × CRH03: massa da datasheet completo
A5: M-04 | B5: ADCS / GNC | C5: Magnetorquer (3 barre, ≥ 2,5 A·m²) | D5: Giuliano | E5: 3 | F5: 0.2 | G5: =IF(OR(E5="",F5=""),"",E5*F5) | H5: Catalogo modificato | I5: =IF(H5="","",INDEX(Liste!$B$2:$B$4,MATCH(H5,Liste!$A$2:$A$4,0))) | J5: =IF(OR(G5="",I5=""),"",G5*(1+I5)) | K5: Stima | L5: D-049 | M5: Massa prudente di classe (ZARM MT2-1 0,2 kg; CubeSpace CR0020 2,0 A·m² 54 g). Da confermare con l'unità scelta
A6: M-05 | B6: ADCS / GNC | C6: Magnetometro a 3 assi | D6: Giuliano | E6: 1 | F6: 0.085 | G6: =IF(OR(E6="",F6=""),"",E6*F6) | H6: Catalogo | I6: =IF(H6="","",INDEX(Liste!$B$2:$B$4,MATCH(H6,Liste!$A$2:$A$4,0))) | J6: =IF(OR(G6="",I6=""),"",G6*(1+I6)) | K6: Datasheet | L6: A5.3 f) | M6: Classe NewSpace NMRM (±60 µT, < 8 nT, 85 g)
A7: M-06 | B7: ADCS / GNC | C7: Sensori solari grossolani (6 facce) | D7: Giuliano | E7: 6 | F7: 0.035 | G7: =IF(OR(E7="",F7=""),"",E7*F7) | H7: Catalogo | I7: =IF(H7="","",INDEX(Liste!$B$2:$B$4,MATCH(H7,Liste!$A$2:$A$4,0))) | J7: =IF(OR(G7="",I7=""),"",G7*(1+I7)) | K7: Datasheet | L7: A5.3 f) | M7: Classe NewSpace NCSS-SA05 / NFSS-411: si usa la massa più alta delle due (abbinamento valori-modelli incerto nella fonte)
A8: M-07 | B8: ADCS / GNC | C8: Ricevitore GNSS + antenna (con PPS) | D8: Giuliano | E8: 1 | F8: 0.075 | G8: =IF(OR(E8="",F8=""),"",E8*F8) | H8: Catalogo modificato | I8: =IF(H8="","",INDEX(Liste!$B$2:$B$4,MATCH(H8,Liste!$A$2:$A$4,0))) | J8: =IF(OR(G8="",I8=""),"",G8*(1+I8)) | K8: Stima | L8: DR-17 | M8: Ricevitore classe SkyFox piNAV-NG 24 g (datasheet) + antenna ~50 g (stima). PPS da verificare
A9: M-08 | B9: Propulsione | C9: Unità REGULUS-50-I2 Large (a pieno carico di iodio) | D9: Giuliano | E9: 1 | F9: 6 | G9: =IF(OR(E9="",F9=""),"",E9*F9) | H9: Catalogo | I9: =IF(H9="","",INDEX(Liste!$B$2:$B$4,MATCH(H9,Liste!$A$2:$A$4,0))) | J9: =IF(OR(G9="",I9=""),"",G9*(1+I9)) | K9: Datasheet | L9: D-034 | M9: Valore prudente T4I (l'altra tabella dà 5,1 kg). Include ~2,0 kg di capacità di iodio: margine voce e di sistema applicati anche al propellente (prudente)
A10: M-09 | B10: TT&C | C10: Radio TT&C: ricetrasmettitore S (classe XLink-S) + radio VHF/UHF di riserva (classe ISIS) | D10: Giuliano | E10: 1 | F10: 0.275 | G10: =IF(OR(E10="",F10=""),"",E10*F10) | H10: Catalogo modificato | I10: =IF(H10="","",INDEX(Liste!$B$2:$B$4,MATCH(H10,Liste!$A$2:$A$4,0))) | J10: =IF(OR(G10="",I10=""),"",G10*(1+I10)) | K10: Datasheet | L10: D-082, D-084 | M10: XLink-S 0,200 kg (< 0,2U) + ISIS VHF/UHF 0,075 kg (90 × 96 × 15 mm). Margine 10%: eredità di volo XLink-S da verificare (R-46). Ripiego R1 (ISIS TXS2 + ricevitore) 0,217 kg
A11: M-10 | B11: TT&C | C11: Antenne TT&C: 2 patch S (nadir compatta + zenit) + antenna VHF/UHF dispiegabile | D11: Giuliano | E11: 1 | F11: 0.189 | G11: =IF(OR(E11="",F11=""),"",E11*F11) | H11: Catalogo modificato | I11: =IF(H11="","",INDEX(Liste!$B$2:$B$4,MATCH(H11,Liste!$A$2:$A$4,0))) | J11: =IF(OR(G11="",I11=""),"",G11*(1+I11)) | K11: Datasheet | L11: D-068, D-080, D-082 | M11: 2 × patch S < 0,050 kg (ISIS; la patch a nadir compatta ≤ 60 mm è TBC, D-080) + ISIS AntS 0,089 kg. Cavi RF nei cablaggi (M-25)
A12: M-11 | B12: Payload | C12: Telescopio TMA (specchi + struttura ottica) | D12: Giuseppe | E12: 1 | G12: =IF(OR(E12="",F12=""),"",E12*F12) | I12: =IF(H12="","",INDEX(Liste!$B$2:$B$4,MATCH(H12,Liste!$A$2:$A$4,0))) | J12: =IF(OR(G12="",I12=""),"",G12*(1+I12)) | K12: TBD
A13: M-12 | B13: Payload | C13: Sensore diurno CMOS + elettronica | D13: Giuseppe | E13: 1 | G13: =IF(OR(E13="",F13=""),"",E13*F13) | I13: =IF(H13="","",INDEX(Liste!$B$2:$B$4,MATCH(H13,Liste!$A$2:$A$4,0))) | J13: =IF(OR(G13="",I13=""),"",G13*(1+I13)) | K13: TBD
A14: M-13 | B14: Payload | C14: Sensore notturno sCMOS + elettronica | D14: Giuseppe | E14: 1 | G14: =IF(OR(E14="",F14=""),"",E14*F14) | I14: =IF(H14="","",INDEX(Liste!$B$2:$B$4,MATCH(H14,Liste!$A$2:$A$4,0))) | J14: =IF(OR(G14="",I14=""),"",G14*(1+I14)) | K14: TBD
A15: M-14 | B15: Payload | C15: Deflettori / coperchio apertura | D15: Giuseppe | G15: =IF(OR(E15="",F15=""),"",E15*F15) | I15: =IF(H15="","",INDEX(Liste!$B$2:$B$4,MATCH(H15,Liste!$A$2:$A$4,0))) | J15: =IF(OR(G15="",I15=""),"",G15*(1+I15)) | K15: TBD
A16: M-15 | B16: Elaborazione | C16: Scheda AI / elaborazione payload | D16: Giuseppe | E16: 1 | G16: =IF(OR(E16="",F16=""),"",E16*F16) | I16: =IF(H16="","",INDEX(Liste!$B$2:$B$4,MATCH(H16,Liste!$A$2:$A$4,0))) | J16: =IF(OR(G16="",I16=""),"",G16*(1+I16)) | K16: TBD
A17: M-16 | B17: Elaborazione | C17: Memoria di massa | D17: Giuseppe | G17: =IF(OR(E17="",F17=""),"",E17*F17) | I17: =IF(H17="","",INDEX(Liste!$B$2:$B$4,MATCH(H17,Liste!$A$2:$A$4,0))) | J17: =IF(OR(G17="",I17=""),"",G17*(1+I17)) | K17: TBD
A18: M-17 | B18: OBC | C18: Computer di bordo di piattaforma | D18: TBC | E18: 1 | G18: =IF(OR(E18="",F18=""),"",E18*F18) | I18: =IF(H18="","",INDEX(Liste!$B$2:$B$4,MATCH(H18,Liste!$A$2:$A$4,0))) | J18: =IF(OR(G18="",I18=""),"",G18*(1+I18)) | K18: TBD
A19: M-18 | B19: EPS | C19: Pannelli solari | D19: TBC | G19: =IF(OR(E19="",F19=""),"",E19*F19) | I19: =IF(H19="","",INDEX(Liste!$B$2:$B$4,MATCH(H19,Liste!$A$2:$A$4,0))) | J19: =IF(OR(G19="",I19=""),"",G19*(1+I19)) | K19: TBD
A20: M-19 | B20: EPS | C20: Batterie | D20: TBC | G20: =IF(OR(E20="",F20=""),"",E20*F20) | I20: =IF(H20="","",INDEX(Liste!$B$2:$B$4,MATCH(H20,Liste!$A$2:$A$4,0))) | J20: =IF(OR(G20="",I20=""),"",G20*(1+I20)) | K20: TBD
A21: M-20 | B21: EPS | C21: Distribuzione (PCDU) | D21: TBC | E21: 1 | G21: =IF(OR(E21="",F21=""),"",E21*F21) | I21: =IF(H21="","",INDEX(Liste!$B$2:$B$4,MATCH(H21,Liste!$A$2:$A$4,0))) | J21: =IF(OR(G21="",I21=""),"",G21*(1+I21)) | K21: TBD
A22: M-21 | B22: Struttura | C22: Telaio 16U | D22: TBC | E22: 1 | G22: =IF(OR(E22="",F22=""),"",E22*F22) | I22: =IF(H22="","",INDEX(Liste!$B$2:$B$4,MATCH(H22,Liste!$A$2:$A$4,0))) | J22: =IF(OR(G22="",I22=""),"",G22*(1+I22)) | K22: TBD
A23: M-22 | B23: Struttura | C23: Meccanismi (apertura pannelli) | D23: TBC | G23: =IF(OR(E23="",F23=""),"",E23*F23) | I23: =IF(H23="","",INDEX(Liste!$B$2:$B$4,MATCH(H23,Liste!$A$2:$A$4,0))) | J23: =IF(OR(G23="",I23=""),"",G23*(1+I23)) | K23: TBD
A24: M-23 | B24: Termico | C24: Termico payload (riscaldatori, MLI) | D24: Giuseppe | G24: =IF(OR(E24="",F24=""),"",E24*F24) | I24: =IF(H24="","",INDEX(Liste!$B$2:$B$4,MATCH(H24,Liste!$A$2:$A$4,0))) | J24: =IF(OR(G24="",I24=""),"",G24*(1+I24)) | K24: TBD
A25: M-24 | B25: Termico | C25: Termico piattaforma | D25: TBC | G25: =IF(OR(E25="",F25=""),"",E25*F25) | I25: =IF(H25="","",INDEX(Liste!$B$2:$B$4,MATCH(H25,Liste!$A$2:$A$4,0))) | J25: =IF(OR(G25="",I25=""),"",G25*(1+I25)) | K25: TBD
A26: M-25 | B26: Cablaggi | C26: Cablaggi (quota della massa nominale) | D26: TBC | E26: 1 | F26: =Parametri!$B$3*SUM(G2:G25) | G26: =E26*F26 | H26: Nuovo | I26: =IF(H26="","",INDEX(Liste!$B$2:$B$4,MATCH(H26,Liste!$A$2:$A$4,0))) | J26: =G26*(1+I26) | K26: Calcolo | L26: D-035 | M26: Calcolata: 5% della somma delle masse nominali (regola ESA ≥ 5% della massa secca)
A28: Somma masse nominali (kg) | B28: =SUM(G2:G26)
A29: Somma masse con margine voce (kg) | B29: =SUM(J2:J26)
A30: Margine di sistema (kg) | B30: =Parametri!$B$2*B29
A31: Massa al rilascio con margini (kg) | B31: =B29+B30
A32: Obiettivo (kg) | B32: =Parametri!$B$7
A33: Massimo (kg) | B33: =Parametri!$B$8
A34: Riserva verso l'obiettivo (kg) | B34: =B32-B31
A35: Riserva verso il massimo (kg) | B35: =B33-B31
A36: Esito | B36: =IF(COUNTIF(K2:K26,"TBD")>0,"Budget incompleto ("&COUNTIF(K2:K26,"TBD")&" voci TBD)",IF(B31<=B32,"Entro l'obiettivo",IF(B31<=B33,"Sopra l'obiettivo: giustificare","Oltre il massimo")))
A37: Voci con responsabile TBC | B37: =COUNTIF(D2:D26,"TBC")

Sheet Potenza
A1: ID | B1: Sottosistema | C1: Voce | D1: Resp. | E1: Ripresa diurna (W nom.) | F1: Ripresa notturna (W nom.) | G1: Spinta (W nom.) | H1: Scarico dati (W nom.) | I1: Riposo / safe (W nom.) | J1: Maturità | K1: Margine voce | L1: Origine | M1: Riferimento | N1: Note
A2: P-01 | B2: ADCS / GNC | C2: Ruote di reazione (4 in piramide) | D2: Giuliano | E2: 4 | F2: 4 | G2: 4 | H2: 4 | I2: 4 | J2: Catalogo | K2: =IF(J2="","",INDEX(Liste!$B$2:$B$4,MATCH(J2,Liste!$A$2:$A$4,0))) | L2: Datasheet | M2: D-048 | N2: 4 × BCT RWp100, < 1 W ciascuna a regime. Picco 9 W per ruota in accelerazione (slew, rampe): da considerare nel profilo orbita per orbita (A5.6)
A3: P-02 | B3: ADCS / GNC | C3: Star tracker (2 teste) | D3: Giuliano | E3: 1 | F3: 1 | G3: 1 | H3: 1 | I3: 1 | J3: Catalogo | K3: =IF(J3="","",INDEX(Liste!$B$2:$B$4,MATCH(J3,Liste!$A$2:$A$4,0))) | L3: Datasheet | M3: D-051 | N3: 2 × < 0,5 W medi; picco 1 W ciascuno
A4: P-03 | B4: ADCS / GNC | C4: Giroscopio / IMU | D4: Giuliano | E4: 5 | F4: 5 | G4: 5 | H4: 5 | I4: 5 | J4: Catalogo | K4: =IF(J4="","",INDEX(Liste!$B$2:$B$4,MATCH(J4,Liste!$A$2:$A$4,0))) | L4: Datasheet | M4: D-050 | N4: Inviluppo KVH 1750 (5 W tipici, 8 W max)
A5: P-04 | B5: ADCS / GNC | C5: Magnetorquer (3 barre) | D5: Giuliano | E5: 0 | F5: 0 | G5: 3 | H5: 0 | I5: 3 | J5: Catalogo modificato | K5: =IF(J5="","",INDEX(Liste!$B$2:$B$4,MATCH(J5,Liste!$A$2:$A$4,0))) | L5: Stima | M5: D-049 | N5: 1 W per barra quando accesa (classe NewSpace NMTR-X, 1 W tipico; ZARM 0,5 W medi). Spente durante le riprese; accese in spinta (scarico) e in safe/detumbling
A6: P-05 | B6: ADCS / GNC | C6: Magnetometro | D6: Giuliano | E6: 0.75 | F6: 0.75 | G6: 0.75 | H6: 0.75 | I6: 0.75 | J6: Catalogo | K6: =IF(J6="","",INDEX(Liste!$B$2:$B$4,MATCH(J6,Liste!$A$2:$A$4,0))) | L6: Datasheet | M6: A5.3 f) | N6: < 750 mW
A7: P-06 | B7: ADCS / GNC | C7: Sensori solari (6) | D7: Giuliano | E7: 0.3 | F7: 0.3 | G7: 0.3 | H7: 0.3 | I7: 0.3 | J7: Catalogo | K7: =IF(J7="","",INDEX(Liste!$B$2:$B$4,MATCH(J7,Liste!$A$2:$A$4,0))) | L7: Datasheet | M7: A5.3 f) | N7: < 10 mA a 5 V ciascuno
A8: P-07 | B8: ADCS / GNC | C8: Ricevitore GNSS | D8: Giuliano | E8: 0.125 | F8: 0.125 | G8: 0.125 | H8: 0.125 | I8: 0.125 | J8: Catalogo | K8: =IF(J8="","",INDEX(Liste!$B$2:$B$4,MATCH(J8,Liste!$A$2:$A$4,0))) | L8: Datasheet | M8: DR-17 | N8: 125 mW tipici (piNAV-NG); antenna passiva/attiva da verificare
A9: P-08 | B9: Propulsione | C9: Unità REGULUS-50-I2 Large (a pieno carico di iodio) | D9: Giuliano | G9: 50 | J9: Catalogo | K9: =IF(J9="","",INDEX(Liste!$B$2:$B$4,MATCH(J9,Liste!$A$2:$A$4,0))) | L9: Datasheet | M9: D-034 | N9: Spinta 50 W nominali (30–60 W). Inviluppo di picco 75 W (BIT-3, D-034). Riscaldamento e mantenimento in temperatura dello iodio: TBD. ESA: per l'elettronica EP il margine voce va solo sulla potenza dissipata
A10: P-09 | B10: TT&C | C10: Radio TT&C: ricetrasmettitore S + radio VHF/UHF | D10: Giuliano | E10: 0.48 | F10: 0.48 | G10: 0.48 | H10: 15.48 | I10: 0.48 | J10: Catalogo modificato | K10: =IF(J10="","",INDEX(Liste!$B$2:$B$4,MATCH(J10,Liste!$A$2:$A$4,0))) | L10: Datasheet | M10: D-084, D-082 | N10: Fuori dai contatti: solo ricevitore VHF sempre acceso (0,48 W). Scarico: XLink-S < 15 W con TX e RX + VHF. Ricevitore S anche ~1,3 h/giorno in sola ricezione attorno ai contatti (< 4 W). Contatti ~71 min/giorno per satellite (in qualunque modo, anche in spinta: D-068). Emergenza UHF in trasmissione 4 W. Energia: TX ~17,7 Wh/giorno + RX S ~5 Wh + VHF ~11,5 Wh ≈ 34 Wh/giorno (profilo in A5.6)
A11: P-10 | B11: TT&C | C11: Antenne TT&C (passive) | D11: Giuliano | E11: 0 | F11: 0 | G11: 0 | H11: 0 | I11: 0 | J11: Catalogo | K11: =IF(J11="","",INDEX(Liste!$B$2:$B$4,MATCH(J11,Liste!$A$2:$A$4,0))) | L11: Datasheet | M11: D-068, D-080, D-082 | N11: Passive. Dispiegamento dell'antenna VHF/UHF una volta sola: 2 W per < 3 s per elemento (ISIS AntS)
A12: P-11 | B12: Payload | C12: Telescopio TMA (specchi + struttura ottica) | D12: Giuseppe | K12: =IF(J12="","",INDEX(Liste!$B$2:$B$4,MATCH(J12,Liste!$A$2:$A$4,0))) | L12: TBD
A13: P-12 | B13: Payload | C13: Sensore diurno CMOS + elettronica | D13: Giuseppe | K13: =IF(J13="","",INDEX(Liste!$B$2:$B$4,MATCH(J13,Liste!$A$2:$A$4,0))) | L13: TBD
A14: P-13 | B14: Payload | C14: Sensore notturno sCMOS + elettronica | D14: Giuseppe | K14: =IF(J14="","",INDEX(Liste!$B$2:$B$4,MATCH(J14,Liste!$A$2:$A$4,0))) | L14: TBD
A15: P-14 | B15: Payload | C15: Deflettori / coperchio apertura | D15: Giuseppe | K15: =IF(J15="","",INDEX(Liste!$B$2:$B$4,MATCH(J15,Liste!$A$2:$A$4,0))) | L15: TBD
A16: P-15 | B16: Elaborazione | C16: Scheda AI / elaborazione payload | D16: Giuseppe | K16: =IF(J16="","",INDEX(Liste!$B$2:$B$4,MATCH(J16,Liste!$A$2:$A$4,0))) | L16: TBD
A17: P-16 | B17: Elaborazione | C17: Memoria di massa | D17: Giuseppe | K17: =IF(J17="","",INDEX(Liste!$B$2:$B$4,MATCH(J17,Liste!$A$2:$A$4,0))) | L17: TBD
A18: P-17 | B18: OBC | C18: Computer di bordo di piattaforma | D18: TBC | K18: =IF(J18="","",INDEX(Liste!$B$2:$B$4,MATCH(J18,Liste!$A$2:$A$4,0))) | L18: TBD
A19: P-18 | B19: EPS | C19: Pannelli solari | D19: Giuliano | K19: =IF(J19="","",INDEX(Liste!$B$2:$B$4,MATCH(J19,Liste!$A$2:$A$4,0))) | L19: TBD | M19: D-087
A20: P-19 | B20: EPS | C20: Batterie | D20: Giuliano | K20: =IF(J20="","",INDEX(Liste!$B$2:$B$4,MATCH(J20,Liste!$A$2:$A$4,0))) | L20: TBD | M20: D-087
A21: P-20 | B21: EPS | C21: Distribuzione (PCDU) | D21: Giuliano | K21: =IF(J21="","",INDEX(Liste!$B$2:$B$4,MATCH(J21,Liste!$A$2:$A$4,0))) | L21: TBD | M21: D-087
A22: P-21 | B22: Struttura | C22: Telaio 16U | D22: TBC | K22: =IF(J22="","",INDEX(Liste!$B$2:$B$4,MATCH(J22,Liste!$A$2:$A$4,0))) | L22: TBD
A23: P-22 | B23: Struttura | C23: Meccanismi (apertura pannelli) | D23: TBC | K23: =IF(J23="","",INDEX(Liste!$B$2:$B$4,MATCH(J23,Liste!$A$2:$A$4,0))) | L23: TBD
A24: P-23 | B24: Termico | C24: Termico payload (riscaldatori, MLI) | D24: Giuseppe | K24: =IF(J24="","",INDEX(Liste!$B$2:$B$4,MATCH(J24,Liste!$A$2:$A$4,0))) | L24: TBD
A25: P-24 | B25: Termico | C25: Termico piattaforma | D25: TBC | K25: =IF(J25="","",INDEX(Liste!$B$2:$B$4,MATCH(J25,Liste!$A$2:$A$4,0))) | L25: TBD
C27: Somma nominale (W) | E27: =SUM(E2:E25) | F27: =SUM(F2:F25) | G27: =SUM(G2:G25) | H27: =SUM(H2:H25) | I27: =SUM(I2:I25)
C28: Somma con margine voce (W) | E28: =SUMPRODUCT(E2:E25,1+N(+K2:K25)) | F28: =SUMPRODUCT(F2:F25,1+N(+K2:K25)) | G28: =SUMPRODUCT(G2:G25,1+N(+K2:K25)) | H28: =SUMPRODUCT(H2:H25,1+N(+K2:K25)) | I28: =SUMPRODUCT(I2:I25,1+N(+K2:K25))
C29: Margine di sistema (W) | E29: =Parametri!$B$2*E28 | F29: =Parametri!$B$2*F28 | G29: =Parametri!$B$2*G28 | H29: =Parametri!$B$2*H28 | I29: =Parametri!$B$2*I28
C30: Totale con margini (W) | E30: =E28+E29 | F30: =F28+F29 | G30: =G28+G29 | H30: =H28+H29 | I30: =I28+I29
C32: Media sull'orbita e profilo eclisse/luce: da A5.6 (TBD)

Sheet Dati
A1: ID | B1: Prodotto | C1: Resp. | D1: Dimensione per unità (MB) | E1: Unità al giorno | F1: Volume al giorno (MB) | G1: Origine | H1: Riferimento | I1: Note
A2: D-01 | B2: Immagine notturna 9,8 × 9,8 km, binning 1×1 (12 bit) | C2: Giuseppe | D2: 6.3 | F2: =IF(OR(D2="",E2=""),"",D2*E2) | G2: Calcolo | H2: Report A3 / D-031
A3: D-02 | B3: Immagine notturna 9,8 × 9,8 km, binning 2×2 (12 bit) | C3: Giuseppe | D3: 1.6 | F3: =IF(OR(D3="",E3=""),"",D3*E3) | G3: Calcolo | H3: Report A3 / D-031
A4: D-03 | B4: Immagine notturna 9,8 × 9,8 km, binning 3×3 (12 bit) | C4: Giuseppe | D4: 0.7 | F4: =IF(OR(D4="",E4=""),"",D4*E4) | G4: Calcolo | H4: Report A3 / D-031
A5: D-04 | B5: Immagine diurna PAN + RGB-NIR (dopo somma TDI) | C5: Giuseppe | F5: =IF(OR(D5="",E5=""),"",D5*E5) | G5: TBD | H5: A5 (Giuseppe)
A6: D-05 | B6: Vettori GIS + ritaglio per allarme | C6: Giuseppe | F6: =IF(OR(D6="",E6=""),"",D6*E6) | G6: TBD | H6: MR-09
A7: D-06 | B7: Telemetria di piattaforma | C7: Giuliano | D7: 5 | E7: 1 | F7: =IF(OR(D7="",E7=""),"",D7*E7) | G7: Stima | H7: A5.5 (Giuliano) | I7: Telemetria di piattaforma ~5 MB/giorno (stima: ~300 parametri da 2 byte ogni 10 s ≈ 5,2 MB; dati ADCS ad alta frequenza durante le riprese trascurabili). Telemetria del payload ~3 MB/giorno: riga di Giuseppe
B9: Volume giornaliero totale (MB) | F9: =SUM(F2:F7)
B10: Capacità di scarico al giorno per satellite (MB): banda S 4,3 Mbit/s, ~71 min/giorno di contatto, 30 s di aggancio per contatto (D-069, A5.5.4) | F10: 2030
B11: Memoria di bordo: margine RAM ≥ 50%, processore ≤ 50% (D-035)
B12: Uso della capacità (volume / capacità) | F12: =IF(F9="","",F9/F10)

Sheet Volume
A1: ID | B1: Voce | C1: Resp. | D1: X (mm) | E1: Y (mm) | F1: Z (mm) | G1: Volume ingombro (L) | H1: Origine | I1: Riferimento | J1: Note
A2: V-01 | B2: Unità propulsiva REGULUS-50-I2 Large | C2: Giuliano | D2: 93.8 | E2: 95 | F2: 250 | G2: =IF(OR(D2="",E2="",F2=""),"",D2*E2*F2/1000000) | I2: D-034 | J2: Valore prudente (l'altra tabella T4I dà 200 mm). DA VERIFICARE IN A5.7: con l'orientamento L1 (D-043) la spinta è lungo X, dove l'involucro è 226,3 mm: con 250 mm l'unità non entra se l'ugello è in testata; controllare disegno T4I
A3: V-02 | B3: Telescopio TMA | C3: Giuseppe | G3: =IF(OR(D3="",E3="",F3=""),"",D3*E3*F3/1000000) | I3: R-01
A4: V-03 | B4: ADCS | C4: Giuliano | D4: 155.7 | E4: 155.7 | F4: 155.7 | G4: =IF(OR(D4="",E4="",F4=""),"",D4*E4*F4/1000000) | H4: Calcolo | I4: A5.3 | J4: CUBO EQUIVALENTE (somma dei volumi, 3.77 L), non ingombro reale: il layout si fa in A5.7. Componenti: ruote 4 × 70×70×25; IMU KVH 1750 (ingombro 88,9×88,9×73,7); star tracker 2 × 99×99×120 (paraluce grande); magnetorquer 3 × 13×13×152; magnetometro 99×43×17; GNSS 71×46×11; sensori solari 6 × 34×40×20. Gli star tracker con paraluce grande pesano 2,35 L: con il paraluce corto (62×56×68) scenderebbero a 0,47 L
A5: V-04 | B5: TT&C | C5: Giuliano | D5: 80 | E5: 80 | F5: 80 | G5: =IF(OR(D5="",E5="",F5=""),"",D5*E5*F5/1000000) | H5: Calcolo | I5: A5.5, D-084 | J5: CUBO EQUIVALENTE (somma dei volumi), non ingombro reale: XLink-S ~0,2 L (< 0,2U); ISIS VHF/UHF 90 × 96 × 15; AntS 98 × 98 × 7 (su una faccia esterna); 2 patch S ~80 × 80 × 9 (la nadir compatta ≤ 60 × 60, D-080). Posizioni in A5.7
A6: V-05 | B6: Elaborazione payload | C6: Giuseppe | G6: =IF(OR(D6="",E6="",F6=""),"",D6*E6*F6/1000000) | I6: A5
A7: V-06 | B7: OBC | C7: TBC | G7: =IF(OR(D7="",E7="",F7=""),"",D7*E7*F7/1000000)
A8: V-07 | B8: EPS (batterie, PCDU) | C8: TBC | G8: =IF(OR(D8="",E8="",F8=""),"",D8*E8*F8/1000000)
B10: Volume usato (L) | G10: =SUM(G2:G8)
B11: Involucro lordo tra i binari (L), struttura compresa | G11: =Parametri!$B$9*Parametri!$B$10*Parametri!$B$11/1000000
B12: Rapporto usato / lordo | G12: =G10/G11
B13: Volume interno utile: TBD (da A5.7). ESA: nessuna % fissa, si segue il rapporto usato/disponibile

Sheet Liste
A1: Maturità | B1: Margine | C1: Origine | D1: Responsabile
A2: Catalogo | B2: 0.05 | C2: Datasheet | D2: Giuliano
A3: Catalogo modificato | B3: 0.1 | C3: Calcolo | D3: Giuseppe
A4: Nuovo | B4: 0.2 | C4: Stima | D4: Entrambi
C5: TBC | D5: TBC
C6: TBD
