Workbook

Sheet Leggimi
A1: PULSE – Registro di decisioni, requisiti e rischi
A2: Giuliano Pennacchio · Giuseppe Parisi — aggiornare a ogni decisione presa, anche lavorando da soli
A4: Come si usa
A5: 1. Prima di aprire il file | B5: git pull: il file Excel non si unisce automaticamente, quindi lo modifica una persona alla volta.
A6: 2. Nuova decisione | B6: Una riga nel foglio Decisioni, con ID progressivo (D-032, D-033…) e stato "Proposta".
A7: 3. Revisione | B7: L'altro la legge e la porta ad "Approvata", oppure la discute. Le decisioni prese insieme nascono "Approvata".
A8: 4. Cambiare idea | B8: Non cancellare mai una riga: metti "Superata" e scrivi l'ID della nuova in "Superata da".
A9: 5. Collegamenti | B9: Ogni decisione indica i requisiti (MR-, LR-, DR-) e i rischi (R-) che tocca; ogni requisito e rischio indica la decisione d'origine.
A10: 6. Dopo la modifica | B10: git commit + push subito, con messaggio tipo "registro: D-032 esposizione notturna".
A11: Celle da compilare | B11: Tutte le colonne tranne "Criticità" nel foglio Rischi (calcolata = Probabilità × Impatto, 1–9). Le colonne con menu a tendina accettano solo i valori della lista.
A13: Stati
A14: Aperta | B14: Da decidere: domanda aperta, con le opzioni in discussione
A15: Proposta | B15: Presa da uno dei due, in attesa che l'altro la veda
A16: Approvata | B16: Vista da entrambi: è la baseline
A17: Provvisoria | B17: Vale finché un passo successivo non la conferma
A18: Superata | B18: Sostituita da un'altra decisione (vedi "Superata da")
A20: Riepilogo decisioni
A21: Stato | B21: Giuliano | C21: Giuseppe | D21: Entrambi | E21: Totale
A22: Aperta | B22: =COUNTIFS(Decisioni!$L:$L,$A22,Decisioni!$D:$D,B$21) -> 0 | C22: =COUNTIFS(Decisioni!$L:$L,$A22,Decisioni!$D:$D,C$21) -> 0 | D22: =COUNTIFS(Decisioni!$L:$L,$A22,Decisioni!$D:$D,D$21) -> 0 | E22: =SUM(B22:D22) -> 0
A23: Proposta | B23: =COUNTIFS(Decisioni!$L:$L,$A23,Decisioni!$D:$D,B$21) -> 0 | C23: =COUNTIFS(Decisioni!$L:$L,$A23,Decisioni!$D:$D,C$21) -> 2 | D23: =COUNTIFS(Decisioni!$L:$L,$A23,Decisioni!$D:$D,D$21) -> 0 | E23: =SUM(B23:D23) -> 2
A24: Approvata | B24: =COUNTIFS(Decisioni!$L:$L,$A24,Decisioni!$D:$D,B$21) -> 0 | C24: =COUNTIFS(Decisioni!$L:$L,$A24,Decisioni!$D:$D,C$21) -> 2 | D24: =COUNTIFS(Decisioni!$L:$L,$A24,Decisioni!$D:$D,D$21) -> 27 | E24: =SUM(B24:D24) -> 29
A25: Provvisoria | B25: =COUNTIFS(Decisioni!$L:$L,$A25,Decisioni!$D:$D,B$21) -> 0 | C25: =COUNTIFS(Decisioni!$L:$L,$A25,Decisioni!$D:$D,C$21) -> 0 | D25: =COUNTIFS(Decisioni!$L:$L,$A25,Decisioni!$D:$D,D$21) -> 0 | E25: =SUM(B25:D25) -> 0
A26: Superata | B26: =COUNTIFS(Decisioni!$L:$L,$A26,Decisioni!$D:$D,B$21) -> 0 | C26: =COUNTIFS(Decisioni!$L:$L,$A26,Decisioni!$D:$D,C$21) -> 0 | D26: =COUNTIFS(Decisioni!$L:$L,$A26,Decisioni!$D:$D,D$21) -> 1 | E26: =SUM(B26:D26) -> 1
A27: Totale | B27: =SUM(B22:B26) -> 0 | C27: =SUM(C22:C26) -> 4 | D27: =SUM(D22:D26) -> 28 | E27: =SUM(E22:E26) -> 32
A29: Riepilogo requisiti e rischi
A30: Requisiti approvati | B30: =COUNTIF(Requisiti!$F:$F,"Approvato") -> 17
A31: Requisiti TBC / TBD | B31: =COUNTIF(Requisiti!$F:$F,"TBC")+COUNTIF(Requisiti!$F:$F,"TBD") -> 11
A32: Rischi non chiusi | B32: =COUNTA(Rischi!$A$2:$A$500)-COUNTIF(Rischi!$K:$K,"Chiuso") -> 21
A33: Rischi con criticità ≥ 6 | B33: =COUNTIF(Rischi!$F$2:$F$500,">=6") -> 5
A34: Rischi senza probabilità | B34: =COUNTIFS(Rischi!$A$2:$A$500,"<>",Rischi!$D$2:$D$500,"") -> 11
A36: Fonti delle righe precompilate | B36: Report MDR (Fase 0), Report A1-A1bis, Report A2, Report A3 e prompt di passaggio del progetto. Le date di Fase 0 sono quelle della Guida (1 ottobre 2026); l'autore delle decisioni passate è "Entrambi": correggete dove serve.

Sheet Decisioni
A1: ID | B1: Data | C1: Fase / passo | D1: Autore | E1: Area | F1: Decisione | G1: Opzioni scartate | H1: Motivo | I1: Impatto su | J1: Requisiti collegati | K1: Rischi collegati | L1: Stato | M1: Superata da | N1: Riferimento | O1: Note
A2: D-001 | B2: 46296 | C2: Fase 0 | D2: Entrambi | E2: Missione | F2: Utente di riferimento: Protezione Civile italiana | G2: — | H2: Utente reale con bisogno di mappe rapide; confronto con Copernicus EMS e International Charter | I2: Tutti i requisiti | L2: Approvata | N2: Report MDR §2
A3: D-002 | B3: 46296 | C3: Fase 0 | D3: Entrambi | E3: Missione | F3: Eventi: di giorno danni a infrastrutture (terremoti, frane, crolli), alluvioni, incendi; di notte incendi, blackout, danni indiretti dalle luci | G3: Solo eventi a cielo sereno | H3: Le alluvioni sono il caso più frequente; il limite delle nuvole è dichiarato | I3: Payload, AI | J3: MR-06, MR-07, MR-08 | K3: R-03, R-08 | L3: Approvata | N3: Report MDR §2, §4.6
A4: D-003 | B4: 46296 | C4: Fase 0 | D4: Entrambi | E4: Missione | F4: Area: tutta Italia, 5°E–20°E, 35°N–48°N | G4: Copertura globale | H4: Come EarthNext; dimensiona rete di terra e dati di riferimento | I4: Accessi, dati OSM/DEM | J4: MR-01 | L4: Approvata | N4: Report MDR §2
A5: D-004 | B5: 46296 | C5: Fase 0 | D5: Entrambi | E5: Payload | F5: Livello di dettaglio: infrastrutture e crolli estesi (ponti, strade, isolati), non singoli edifici; 16U a ~1–1,5 m | G5: Microsatellite 50–150 kg per < 0,5 m; quota ~250 km | H5: Con 12 cm di apertura il limite di diffrazione a 302 km è 1,7 m; per 0,5 m servirebbero ~40 cm | I5: Ottica | J5: MR-03 | K5: R-01 | L5: Approvata | N5: Report MDR §4.1
A6: D-005 | B6: 46296 | C6: Fase 0 | D6: Entrambi | E6: Missione | F6: Tempo di risposta: mappa entro 48 h dalla richiesta | G6: 6 h, 24 h, 72 h | H6: Utile ai soccorsi e credibile per una CubeSat in VLEO | I6: Numero satelliti, rete di terra | J6: MR-02 | K6: R-08 | L6: Approvata | N6: Report MDR §2, §6
A7: D-006 | B7: 46296 | C7: Fase 0 | D7: Entrambi | E7: GNC | F7: Off-nadir: qualità nominale fino a 30°, puntamento fino a 45° in modalità degradata | G7: 20° massimi; 45° nominali | H7: Compromesso tra frequenza degli accessi e risoluzione | I7: Accessi, GNC, ottica | J7: MR-05 | K7: R-06 | L7: Approvata | N7: Report MDR
A8: D-007 | B8: 46296 | C8: Fase 0 | D8: Entrambi | E8: AI / Dati | F8: Prodotto: vettori georeferenziati (GIS) + ritaglio d'immagine per ogni allarme | G8: Immagini intere a terra | H8: Pochi kB per allarme: passano anche in S-band; si apre su tablet sul campo | I8: TT&C, AI | J8: MR-09 | L8: Approvata | N8: Report MDR §4.6
A9: D-008 | B9: 46296 | C9: Fase 0 | D9: Entrambi | E9: AI / Dati | F9: Riferimento "prima" a bordo: vettori OpenStreetMap + DEM (~670 MB a 30 m) | G9: Immagini delle zone a rischio a bordo; solo passaggio precedente (resta complemento) | H9: L'Italia a 1 m sarebbe centinaia di GB: non entra a bordo né si carica via radio | I9: Memoria di bordo, AI | J9: MR-10 | K9: R-05 | L9: Approvata | N9: Report MDR §4.5
A10: D-009 | B10: 46296 | C10: Fase 0 | D10: Entrambi | E10: Missione | F10: Tipo di missione: dimostratore tecnologico su CubeSat 16U, ~2 anni operativi | G10: Missione operativa | H10: Coerente con EarthNext e con un progetto da portfolio | I10: Budget, ΔV | J10: MR-12, MR-13 | L10: Approvata | N10: Report MDR §3
A11: D-010 | B11: 46296 | C11: Fase 0 | D11: Entrambi | E11: Payload | F11: Payload solo al silicio: CMOS diurno (PAN + RGB-NIR) + sCMOS notturno dual-gain con FMC e binning | G11: CMOS + InGaAs SWIR; tre sensori ottici; micro-SAR su 16U | H11: Vede incendi e blackout senza raffreddamento; SAR troppo costoso in potenza e cieco a blackout | I11: Ottica, potenza | J11: MR-03, MR-04 | K11: R-02 | L11: Approvata | N11: Report MDR §4.2
A12: D-011 | B12: 46296 | C12: Fase 0 | D12: Entrambi | E12: Payload | F12: Risoluzione: ≤ 2 m PAN e ≤ 5 m multispettrale di giorno a nadir; ≤ 15 m di notte su aree illuminate | G12: GSD PAN < 1 m con 12 cm | H12: Dettaglio reale ~2 m per diffrazione; sotto 1 m 4× meno luce e 4× più dati | I12: Ottica | J12: MR-03, MR-04 | L12: Approvata | N12: Report MDR §4.1
A13: D-012 | B13: 46296 | C13: Fase 0 | D13: Entrambi | E13: Orbita | F13: Orbita come EarthNext: 302 km (SMA media 6680,2 km), SSO, LTDN 10:30, e = 0,0011, AOP 90°, inclinazione 96,8° (bias) | G13: Inclinazione 51,6° (non eliosincrona) | H13: Eredità EarthNext; il bias compensa la deriva solare di −0,33°/anno; ora locale stabile | I13: Accessi, ΔV | J13: MR-11 | L13: Approvata | N13: Report MDR §4.3 | O13: Lo 0,011 in una tabella del paper è un refuso
A14: D-013 | B14: 46296 | C14: Fase 0 | D14: Entrambi | E14: AI / Dati | F14: Allarme blackout notturno solo se confermato, non "possibile"; metodo da trovare | G14: Allarme "possibile" | H14: Un falso blackout manda soccorsi nel posto sbagliato | I14: A4 | J14: MR-07 | K14: R-03 | L14: Approvata | N14: Report MDR §4.6 | O14: Da chiudere in A4
A15: D-014 | B15: 46318 | C15: Fase 0 | D15: Entrambi | E15: Missione | F15: Due concetti candidati in Fase A: C1 satellite singolo, C2 costellazione di 4 sullo stesso piano a 90° | G15: Scelta del concetto già in Fase 0 | H15: Stima di primo ordine: attesa media ~65 h con 1 satellite, ~16 h con 4 (30°); serve la propagazione | I15: A1 | J15: MR-02 | K15: R-10 | L15: Superata | M15: D-015 | N15: Report MDR §4.4, §5 | O15: Chiusura MDR
A16: D-015 | B16: 46299 | C16: A1 | D16: Entrambi | E16: Missione | F16: Concetto scelto: C2, costellazione di 4 CubeSat 16U sullo stesso piano SSO, anomalia media 0°/90°/180°/270° (opzione I3) | G16: I1 rilassare il requisito; I2 45° nominali; I4 cambiare orbita; due piani opposti; inclinazione 51,6° | H16: Satellite singolo: entro 48 h solo nel 34–82% dei casi (serve 90%). Con 4: 100% entro 48 h a 30° giorno+notte, mediana 14–18 h | I16: ΔV, lancio, costi, operazioni | J16: MR-02, MR-11 | K16: R-10 | L16: Approvata | N16: Report A1-A1bis Parte 1–2
A17: D-016 | B17: 46299 | C17: A1 | D17: Entrambi | E17: TT&C / Terra | F17: Rete di terra: Svalbard + Fairbanks principali, Fucino riserva e comandi (elevazione minima 10°) | G17: Fucino + Matera + Svalbard (buco notturno 12,1 h) | H17: Fairbanks chiude il buco notturno: buco massimo 8,8 h per satellite, 7,0 h per la costellazione | I17: Link budget, latenza | J17: MR-02 | L17: Approvata | N17: Report A1-A1bis Parte 2
A18: D-017 | B18: 46299 | C18: A1 | D18: Entrambi | E18: Missione | F18: Nuova formulazione di MR-02 (48 h nel 90% delle richieste; di giorno ammesso fino a 45°) | G18: 48 h nel 90% solo a 30° | H18: Solo diurno a 30° si arriva all'89,6–93,3%; a 45° al 100% | I18: GNC, ottica | J18: MR-02 | L18: Approvata | N18: Report A1-A1bis Parte 2
A19: D-018 | B19: 46299 | C19: A1-bis | D19: Entrambi | E19: Lancio | F19: Rilascio dal lanciatore (o rimorchiatore) già sul piano SSO a 96,8°, LTDN ~10:30, a ~360 km | G19: Rilascio a 500 km con discesa impulsiva (111,9 m/s): resta piano B | H19: Nessun ΔV per il piano; la discesa da 360 km costa solo ~28 m/s | I19: Propulsione, programma | J19: LR-01 | K19: R-11 | L19: Approvata | N19: Report A1-A1bis Parte 3 | O19: Tolleranze di lancio da definire
A20: D-019 | B20: 46299 | C20: A1-bis | D20: Entrambi | E20: Orbita | F20: Phasing con discese scaglionate, senza manovre dedicate: ritardi B 1,37 g, C 2,74 g, D 4,10 g | G20: Manovre di phasing dedicate | H20: Ogni giorno di ritardo vale ~66° di distanza; costellazione completa in ~42 giorni con 2 m/s di ritocco | I20: Operazioni di commissioning | J20: MR-11 | L20: Approvata | N20: Report A1-A1bis Parte 3 | O20: Distanza stabile entro ±0,2° in mantenimento
A21: D-020 | B21: 46301 | C21: A1-bis | D21: Entrambi | E21: Missione | F21: Durata di progetto 2 anni con attività solare media (F10.7 = 129); caso alto solo come sensibilità | G21: Caso alto F10.7 = 181 come riferimento (464 m/s) | H21: Caso medio coerente con EarthNext (~6 mesi di discesa naturale) | I21: ΔV, massa | J21: MR-12 | K21: R-12 | L21: Approvata | N21: Report A1-A1bis Parte 3
A22: D-021 | B22: 46301 | C22: A1-bis | D22: Entrambi | E22: Propulsione | F22: Discesa 360 → 302 km con motore + drag, motore acceso il 50% del tempo | G22: Discesa solo con il drag (4–10 mesi) | H22: Con il motore la discesa dura ~5 settimane | I22: Potenza, commissioning | L22: Approvata | N22: Report A1-A1bis Parte 3
A23: D-022 | B23: 46301 | C23: A1-bis | D23: Entrambi | E23: Propulsione | F23: Budget ΔV: 269 m/s per satellite (~1,5 kg di iodio) = 28 discesa + 2 phasing + 194 mantenimento + 45 margine 20% | G23: 464 m/s (caso solare alto) | H23: Missione 2 anni, F10.7 = 129; in linea con EarthNext (> 275 m/s in 3 anni) | I23: Serbatoio, massa (A5) | J23: DR-06, DR-07 | K23: R-12, R-13 | L23: Approvata | N23: Report A1-A1bis Parte 3
A24: D-023 | B24: 46301 | C24: A1-bis | D24: Entrambi | E24: Propulsione | F24: Nessun ΔV allocato per il rientro | G24: Manovra di deorbit | H24: Da 302 km, a motore spento, il satellite rientra da solo in pochi mesi | J24: MR-14 | L24: Approvata | N24: Report A1-A1bis Parte 3
A25: D-024 | B25: 46305 | C25: A2 | D25: Entrambi | E25: Payload | F25: PAN a 1,5 m a nadir: focale 0,70 m, F/5,8, Q = 0,92, strisciata 9,7 km (CMOS 6464 × 4852 px da 3,45 µm) | G25: GSD 1,0 m (F/8,7); 2,0 m (F/4,3); 2,5 m (aliasing) | H25: Pixel poco più piccolo del limite di diffrazione (1,7 m): ottica e sensore bilanciati | I25: Struttura, termico, dati | J25: MR-03, DR-01, DR-02, DR-03 | K25: R-18 | L25: Approvata | N25: Report A2
A26: D-025 | B26: 46305 | C26: A2 | D26: Entrambi | E26: Payload | F26: RGB-NIR (B, G, R, NIR) a 3,0 m con binning 2×2 e filtri a strisce sullo stesso sensore; pansharpening a 1,5 m | G26: Colore a 1,5 m (4× i dati); colore a 6,0 m | H26: Il colore serve per aree estese (acqua, bruciato, frane): 3 m bastano; dati pari al PAN | I26: ADCS (riallineamento bande), dati | J26: MR-03, DR-05 | K26: R-15 | L26: Approvata | N26: Report A2
A27: D-026 | B27: 46317 | C27: A2 | D27: Entrambi | E27: Payload | F27: Notturno: sCMOS 2048 × 2048 px da 11 µm, GSD 4,8 m, strisciata 9,8 km (9,6 m con binning 2×2) | G27: Pixel 6,5 µm (2,8 m, 1× luce); 4096 × 4096 da 9 µm (campo troppo ampio) | H27: Di notte il limite è la luce: 2,9× la luce del pixel da 6,5 µm; stessa strisciata del diurno | I27: A3, dati | J27: MR-04, DR-04 | K27: R-16, R-17 | L27: Approvata | N27: Report A2 | O27: Confermata in A3 (D-031): pixel da 11 µm definitivo
A28: D-027 | B28: 46317 | C28: A2 | D28: Entrambi | E28: Payload | F28: Piano focale: sensore diurno e notturno affiancati lungo traccia, campo pieno ~3,9° (diagonale) | G28: Specchi aggiuntivi o parti mobili | H28: Campo normale per un TMA fuori asse; nessuna parte mobile | I28: Struttura del telescopio | K28: R-01 | L28: Approvata | N28: Report A2
A29: D-028 | B29: 46318 | C29: A3 | D29: Entrambi | E29: Gestione | F29: Divisione del lavoro: Giuseppe su payload + AI + potenza/termico del payload; Giuliano su missione + GNC + TT&C; budget, requisiti e A6 in comune | G29: Lavorare insieme sullo stesso passo | H29: Lavoro in parallelo sui passi rimasti della Fase A | I29: A3, A4, A5, A6 | L29: Approvata
A30: D-029 | B30: 46318 | C30: A3 | D30: Giuseppe | E30: Payload | F30: Scena di progetto notturna: SNR ≥ 10 su quartiere da 20 nW/cm²/sr a 4,8 m (~100 e⁻, ~170 ms di luce) | G30: SNR 5 sul quartiere (granuloso); SNR 10 sul paese a 4,8 m (670 ms, deriva < 0,0005°/s); SNR 10 su Napoli centro (paesi invisibili) | H30: Con SNR 10 si vedono strade e confine del blackout; il paese a 4,8 m chiede una stabilità fuori portata e la luna piena (~7 nW) è più luminosa del paese | I30: Esposizione, FMC, A5 dati | J30: MR-04, DR-09 | K30: R-02, R-16, R-19, R-20 | L30: Approvata | N30: Report A3, Decisione 1 | O30: Riguarda solo il payload
A31: D-030 | B31: 46318 | C31: A3 | D31: Giuseppe | E31: Payload | F31: Shift-and-add: scatti da 20 ms presi durante la FMC, riallineati e sommati a bordo (10 scatti città = ~200 ms); a terra una sola immagine | G31: Scatto unico 170 ms (deriva < 0,0018°/s, saturazione); ibrido 4 × 50 ms (deriva < 0,006°/s) | H31: Stabilità 8 volte più facile (deriva < 0,015°/s per scatto), scatti mossi scartabili, niente saturazione; costa ~15% di luce in più | I31: GNC (stabilità, durata FMC), scheda AI | J31: DR-04, DR-10, DR-11 | K31: R-06, R-21 | L31: Proposta | N31: Report A3, Decisione 2 | O31: Proposta: cambia i numeri dell'ADCS di Giuliano (deriva 0,015°/s, inseguimento 0,36 s)
A32: D-031 | B32: 46318 | C32: A3 | D32: Giuseppe | E32: Payload | F32: Binning adattivo a bordo: città 1×1 (4,8 m, 10 scatti); paesi 2×2 (9,6 m, 15 scatti = 300 ms, SNR 10); 3×3 (14,4 m) di riserva. Pixel 11 µm confermato | G32: Paesi in 3×3 come modalità nominale (solo acceso/spento); pixel 6,5 µm con 2×2 (strisciata 5,8 km, 4× dati letti) | H32: Il 2×2 mostra quali vie del paese sono al buio; il 3×3 resta se in A5 scarico o stabilità ADCS risultano stretti | I32: D-026, GNC (durata FMC 300 ms), A5 dati (6,3 / 1,6 / 0,7 MB) | J32: MR-04, DR-09, DR-11 | K32: R-02 | L32: Proposta | N32: Report A3, Decisione 3 | O32: Proposta: l'inseguimento di 300 ms sui paesi va confermato da Giuliano
A33: D-032 | B33: 46318 | C33: A3 | D33: Giuseppe | E33: Payload | F33: Diurno: TDI digitale, somma a bordo di 4 passaggi nella striscia PAN (~970 righe); sensore ≥ ~20 immagini/s; somma ~470 Mbit/s | G33: Scatto singolo (SNR inverno 15–25); somma di 9 passaggi (~50 fps, ~1,2 Gbit/s) | H33: Inverno, suolo medio: SNR 51 (obiettivo ~50) con velocità normale per il sensore; dati a terra invariati | I33: Scheda AI (potenza), sensore diurno (A5) | J33: DR-01, DR-12, DR-13 | K33: R-22 | L33: Approvata | N33: Report A3, Decisione 4 | O33: Riguarda solo il payload

Sheet Requisiti
A1: ID | B1: Tipo | C1: Requisito | D1: Valore / soglia | E1: Metodo di verifica | F1: Stato | G1: Origine (decisione / passo) | H1: Responsabile | I1: Note
A2: MR-01 | B2: Missione | C2: PULSE deve poter osservare qualsiasi punto del territorio italiano. | D2: 5°E–20°E, 35°N–48°N | E2: Analisi (GMAT) | F2: Approvato | G2: D-003 | H2: Giuliano | I2: Verificato sui 5 bersagli in A1
A3: MR-02 | B3: Missione | C3: La costellazione PULSE deve consegnare la mappa entro 48 h nel 90% delle richieste, per qualunque punto del territorio italiano; per gli eventi che richiedono ripresa diurna è ammesso il puntamento fino a 45° off-nadir. | D3: 48 h, 90% | E3: Analisi + simulazione | F3: Approvato | G3: D-017 (A1) | H3: Giuliano | I3: In A1: 100% a 30° giorno+notte
A4: MR-03 | B4: Missione | C4: Di giorno, a nadir, PULSE deve raggiungere una risoluzione effettiva ≤ 2 m nel pancromatico e ≤ 5 m nel multispettrale (RGB-NIR). | D4: ≤ 2 m PAN, ≤ 5 m MS | E4: Analisi ottica, poi test | F4: Approvato | G4: D-011, D-024, D-025 | H4: Giuseppe | I4: A2: GSD 1,5 m PAN, 3,0 m RGB-NIR
A5: MR-04 | B5: Missione | C5: Di notte PULSE deve raggiungere una risoluzione effettiva ≤ 15 m sulle aree illuminate e ≤ 5 m sugli incendi. | D5: ≤ 15 m / ≤ 5 m | E5: Analisi radiometrica (SNR) | F5: TBC | G5: D-011, D-026, D-029, D-031 | H5: Giuseppe | I5: A3: aree illuminate OK (quartieri 4,8 m e paesi 9,6 m con SNR 10). Incendi ≤ 5 m non ancora verificati: resta TBC
A6: MR-05 | B6: Missione | C6: PULSE deve garantire qualità nominale fino a 30° off-nadir e poter puntare fino a 45° in modalità degradata. | D6: 30° / 45° | E6: Analisi + simulazione GNC | F6: Approvato | G6: D-006 | H6: Giuliano
A7: MR-06 | B7: Missione | C7: Di giorno PULSE deve rilevare ponti crollati, frane su strade, crolli estesi, aree allagate e incendi (fumo e aree bruciate). | E7: Test AI su dataset | F7: Approvato | G7: D-002 | H7: Giuseppe | I7: Metrica (precisione/richiamo) da fissare in Fase B
A8: MR-07 | B8: Missione | C8: Di notte PULSE deve rilevare incendi e blackout, distinguendo il blackout dalla copertura nuvolosa. | D8: Metodo TBD | E8: Analisi + test AI | F8: TBD | G8: D-013 | H8: Giuseppe | I8: Da chiudere in A4
A9: MR-08 | B9: Missione | C9: Di notte PULSE deve segnalare possibili danni alle infrastrutture dalla variazione delle luci artificiali. | E9: Test AI | F9: Approvato | G9: D-002 | H9: Giuseppe
A10: MR-09 | B10: Missione | C10: Il prodotto per ogni allarme deve essere un vettore georeferenziato con un ritaglio d'immagine. | D10: GIS, es. GeoJSON (TBC) | E10: Ispezione | F10: TBC | G10: D-007 | H10: Giuseppe
A11: MR-10 | B11: Missione | C11: L'AI di bordo deve ortorettificare le immagini con assetto, orbita e DEM e confrontarle con i vettori OSM precaricati. | E11: Test | F11: Approvato | G11: D-008 | H11: Giuseppe
A12: MR-11 | B12: Missione | C12: Ogni satellite PULSE deve operare su orbita eliosincrona a ~302 km con LTDN 10:30, con quota mantenuta dalla propulsione elettrica. | D12: 302 km, LTDN 10:30 | E12: Analisi | F12: Approvato | G12: D-012, D-015 | H12: Giuliano | I12: Formulazione per satellite, come nel report MDR
A13: MR-12 | B13: Missione | C13: Ogni satellite PULSE deve avere una vita operativa di almeno 2 anni. | D13: ≥ 2 anni | E13: Analisi | F13: Approvato | G13: D-009, D-020 | H13: Giuliano
A14: MR-13 | B14: Missione | C14: Ogni satellite PULSE deve essere una CubeSat 16U compatibile con i deployer standard. | D14: 16U | E14: Ispezione | F14: Approvato | G14: D-009 | H14: Entrambi | I14: Massa da verificare in A5 (EarthNext max 35,6 kg)
A15: MR-14 | B15: Missione | C15: A fine vita ogni satellite PULSE deve rientrare in atmosfera secondo le regole sui detriti spaziali. | E15: Analisi | F15: Approvato | G15: D-023 | H15: Giuliano | I15: Rientro naturale da 302 km in pochi mesi
A16: LR-01 | B16: Lancio | C16: Il lanciatore o un rimorchiatore orbitale deve rilasciare i 4 satelliti a ~360 km, su orbita eliosincrona con inclinazione 96,8° e LTDN ~10:30. | D16: ~360 km, 96,8°, 10:30 | E16: Riesame interfaccia di lancio | F16: TBD | G16: D-018 (A1-bis) | H16: Giuliano | I16: Tolleranze da definire
A17: DR-01 | B17: Derivato | C17: Il tempo di esposizione diurno deve essere ≤ 0,2 ms per riga. | D17: ≤ 0,2 ms | E17: Analisi | F17: Approvato | G17: D-024 (A2) | H17: Giuseppe | I17: Suolo a 7,4 km/s su pixel da 1,5 m
A18: DR-02 | B18: Derivato | C18: La stabilità di puntamento durante l'esposizione deve essere molto inferiore a 5 µrad. | D18: ≪ 5 µrad | E18: Analisi + simulazione GNC | F18: TBC | G18: D-024 (A2) | H18: Giuliano | I18: Valore numerico da fissare in A5
A19: DR-03 | B19: Derivato | C19: La posizione del fuoco deve restare entro ±37 µm sul piano focale. | D19: ± 37 µm | E19: Analisi termo-strutturale | F19: Approvato | G19: D-024 (A2) | H19: Giuseppe | I19: Impone stabilità termica del telescopio
A20: DR-04 | B20: Derivato | C20: Di notte il satellite deve eseguire la compensazione del moto (FMC). | D20: Beccheggio ~1,4°/s | E20: Simulazione GNC | F20: Approvato | G20: D-026 (A2) | H20: Giuliano | I20: Senza FMC il pixel resta sul bersaglio 0,65 ms. A3: ~1,0°/s a 45° traverso, ~0,7°/s a 45° lungo traccia; durata in DR-11
A21: DR-05 | B21: Derivato | C21: La deriva d'assetto durante l'acquisizione a strisce deve permettere il riallineamento delle bande RGB-NIR. | D21: ≤ 0,0002°/s senza correzione; ~0,001°/s con riallineamento a terra | E21: Analisi + simulazione GNC | F21: TBD | G21: D-025 (A2) | H21: Giuliano | I21: Scelta da fare in A5
A22: DR-06 | B22: Derivato | C22: Ogni satellite deve disporre di un ΔV di almeno 269 m/s. | D22: ≥ 269 m/s | E22: Analisi | F22: Approvato | G22: D-022 (A1-bis) | H22: Giuliano | I22: Caso alto: 464 m/s
A23: DR-07 | B23: Derivato | C23: Il serbatoio deve contenere la massa di iodio del budget ΔV. | D23: ~1,5 kg | E23: Analisi | F23: TBC | G23: D-022 (A1-bis) | H23: Giuliano | I23: Verifica in A5
A24: DR-08 | B24: Derivato | C24: Puntamento, FMC e acquisizione devono stare nella finestra di ripresa sul bersaglio. | D24: ≤ 50 s a 30°, ≤ 90 s a 45° | E24: Simulazione GNC | F24: TBC | G24: A1 | H24: Giuliano
A25: DR-09 | B25: Derivato | C25: Di notte il canale sCMOS deve dare SNR ≥ 10 su un quartiere da 20 nW/cm²/sr a 4,8 m e su un paese da 5 nW/cm²/sr a 9,6 m (binning 2×2). | D25: SNR ≥ 10 | E25: Analisi radiometrica, poi test | F25: Approvato | G25: D-029, D-031 (A3) | H25: Giuseppe | I25: Modello senza luce diffusa e parassita: riserva 3×3
A26: DR-10 | B26: Derivato | C26: Durante ogni scatto notturno da 20 ms la deriva d'assetto deve restare sotto la soglia di mosso di 1/3 di pixel. | D26: < 0,015°/s (mosso < 5,2 µrad) | E26: Analisi + simulazione GNC | F26: TBC | G26: D-030 (A3) | H26: Giuliano | I26: Da confermare con Giuliano in A5; se non raggiunta si passa al 3×3
A27: DR-11 | B27: Derivato | C27: L'inseguimento FMC deve durare quanto la raccolta notturna, con margine. | D27: ≥ 0,36 s (200 ms città, 300 ms paesi + 20%); angolo ≤ 0,42° a nadir | E27: Simulazione GNC | F27: TBC | G27: D-030, D-031 (A3) | H27: Giuliano | I27: Esclusi puntamento e assestamento
A28: DR-12 | B28: Derivato | C28: Il sensore diurno deve permettere la somma di 4 passaggi nella striscia PAN (TDI digitale). | D28: ≥ ~20 immagini/s | E28: Analisi, indagine di mercato | F28: Approvato | G28: D-032 (A3) | H28: Giuseppe | I28: Verifica sul mercato in A5 (R-22)
A29: DR-13 | B29: Derivato | C29: La scheda di bordo deve sommare gli scatti notturni e i passaggi diurni in tempo reale. | D29: ~470 Mbit/s di giorno | E29: Analisi, poi test | F29: TBC | G29: D-030, D-032 (A3) | H29: Giuseppe | I29: Potenza e massa della scheda in A5

Sheet Rischi
A1: ID | B1: Rischio | C1: Effetto | D1: Probabilità | E1: Impatto | F1: Criticità (1–9) | G1: Mitigazione | H1: Passo di verifica | I1: TRL | J1: Responsabile | K1: Stato | L1: Origine | M1: Note
A2: R-01 | B2: Il TMA con focale ~0,7 m non entra nel volume del 16U | C2: Ottica da rifare o piattaforma più grande | D2: Media | E2: Alta | F2: =IF(OR(D2="",E2=""),"",MATCH(D2,{"Bassa","Media","Alta"},0)*MATCH(E2,{"Bassa","Media","Alta"},0)) -> 6 | G2: Ottica ripiegata; confronto con gli 8U dell'imager di EarthNext | H2: A5 | I2: ~5 | J2: Giuseppe | K2: In mitigazione | L2: Fase 0 | M2: A2: focale 0,70 m confermata ripiegabile nel TMA
A3: R-02 | B3: SNR notturno troppo basso | C3: Blackout e incendi non rilevabili | D3: Media | E3: Alta | F3: =IF(OR(D3="",E3=""),"",MATCH(D3,{"Bassa","Media","Alta"},0)*MATCH(E3,{"Bassa","Media","Alta"},0)) -> 6 | G3: FMC quasi totale, binning, sCMOS dual-gain; bilancio radiometrico | H3: A3 | I3: ~4 | J3: Giuseppe | K3: In mitigazione | L3: Fase 0 | M3: A3: SNR 10 su quartiere a 4,8 m e paesi a 9,6 m; riserva 3×3 (SNR 12,3)
A4: R-03 | B4: Non si riesce a distinguere un blackout da una nuvola | C4: MR-07 non rispettato | D4: Alta | E4: Alta | F4: =IF(OR(D4="",E4=""),"",MATCH(D4,{"Bassa","Media","Alta"},0)*MATCH(E4,{"Bassa","Media","Alta"},0)) -> 9 | G4: Immagine "prima", dati meteo, Luna, rivisita | H4: A4 | J4: Giuseppe | K4: Aperto | L4: Fase 0
A5: R-04 | B5: Troppi falsi allarmi dell'AI (ombre, stagioni, cantieri) | C5: Prodotto poco affidabile | D5: Media | E5: Alta | F5: =IF(OR(D5="",E5=""),"",MATCH(D5,{"Bassa","Media","Alta"},0)*MATCH(E5,{"Bassa","Media","Alta"},0)) -> 6 | G5: Test su dataset pubblici (es. xBD); soglie di confidenza | H5: Fase B | I5: ~3–4 | J5: Giuseppe | K5: Aperto | L5: Fase 0
A6: R-05 | B6: Ortorettifica imprecisa off-nadir in montagna | C6: Vettori fuori posizione | D6: Media | E6: Media | F6: =IF(OR(D6="",E6=""),"",MATCH(D6,{"Bassa","Media","Alta"},0)*MATCH(E6,{"Bassa","Media","Alta"},0)) -> 4 | G6: DEM a bordo; conoscenza d'assetto precisa | H6: Fase B | J6: Entrambi | K6: Aperto | L6: Fase 0
A7: R-06 | B7: Slew fino a 45° e FMC notturna oltre le capacità delle ruote | C7: Riprese perse o degradate | D7: Media | E7: Media | F7: =IF(OR(D7="",E7=""),"",MATCH(D7,{"Bassa","Media","Alta"},0)*MATCH(E7,{"Bassa","Media","Alta"},0)) -> 4 | G7: Simulazione GNC; 45° è già modalità degradata | H7: A5 | I7: ~5–6 | J7: Giuliano | K7: Aperto | L7: Fase 0 | M7: A3: deriva < 0,015°/s per scatto, inseguimento 0,36 s (DR-10, DR-11)
A8: R-07 | B8: Potenza insufficiente per AI + motore + manovre | C8: Conflitti operativi | D8: Media | E8: Media | F8: =IF(OR(D8="",E8=""),"",MATCH(D8,{"Bassa","Media","Alta"},0)*MATCH(E8,{"Bassa","Media","Alta"},0)) -> 4 | G8: Separare nel tempo AI e spinta; budget di potenza | H8: A5 | J8: Entrambi | K8: Aperto | L8: Fase 0
A9: R-08 | B9: 48 h non rispettate per nuvole o pochi contatti | C9: MR-02 non rispettato | D9: Media | E9: Media | F9: =IF(OR(D9="",E9=""),"",MATCH(D9,{"Bassa","Media","Alta"},0)*MATCH(E9,{"Bassa","Media","Alta"},0)) -> 4 | G9: Passaggio notturno; costellazione; stazioni ad alta latitudine | H9: A1 | J9: Giuliano | K9: In mitigazione | L9: Fase 0 | M9: A1: 100% a 30° giorno+notte senza nuvole
A10: R-09 | B10: La scheda AI si scalda troppo | C10: Elaborazione rallentata o interrotta | D10: Bassa | E10: Media | F10: =IF(OR(D10="",E10=""),"",MATCH(D10,{"Bassa","Media","Alta"},0)*MATCH(E10,{"Bassa","Media","Alta"},0)) -> 2 | G10: Analisi termica; elaborazione a impulsi | H10: A5 | J10: Giuseppe | K10: Aperto | L10: Fase 0
A11: R-10 | B11: Un satellite singolo non rispetta MR-02 | C11: Missione non conforme | D11: Alta | E11: Alta | F11: =IF(OR(D11="",E11=""),"",MATCH(D11,{"Bassa","Media","Alta"},0)*MATCH(E11,{"Bassa","Media","Alta"},0)) -> 9 | G11: Costellazione di 4 (D-015) | H11: A1 | J11: Giuliano | K11: Chiuso | L11: Fase 0 | M11: Chiuso con D-015
A12: R-11 | B12: Nessun lancio o rimorchiatore disponibile per l'orbita richiesta | C12: Ritardo o orbita diversa | E12: Alta | F12: =IF(OR(D12="",E12=""),"",MATCH(D12,{"Bassa","Media","Alta"},0)*MATCH(E12,{"Bassa","Media","Alta"},0)) | G12: Indagine sui rideshare eliosincroni; piano B rilascio a 500 km (111,9 m/s) | H12: A6 | J12: Giuliano | K12: Aperto | L12: A1-bis | M12: Probabilità da valutare in A6
A13: R-12 | B13: Attività solare più alta del previsto | C13: ΔV fino a 464 m/s in 2 anni | E13: Media | F13: =IF(OR(D13="",E13=""),"",MATCH(D13,{"Bassa","Media","Alta"},0)*MATCH(E13,{"Bassa","Media","Alta"},0)) | G13: Margine 20%; caso alto nel budget di massa | H13: A5 | J13: Giuliano | K13: Aperto | L13: A1-bis | M13: Probabilità da valutare in A6
A14: R-13 | B14: Serbatoio troppo piccolo per ~1,5 kg di iodio | C14: Vita operativa ridotta | E14: Media | F14: =IF(OR(D14="",E14=""),"",MATCH(D14,{"Bassa","Media","Alta"},0)*MATCH(E14,{"Bassa","Media","Alta"},0)) | G14: Verifica nel budget di massa | H14: A5 | J14: Giuliano | K14: Aperto | L14: A1-bis | M14: Probabilità da valutare in A6
A15: R-14 | B15: Motore acceso ~4,7 h/giorno in mantenimento | C15: Conflitti con riprese, scarico dati e potenza | E15: Media | F15: =IF(OR(D15="",E15=""),"",MATCH(D15,{"Bassa","Media","Alta"},0)*MATCH(E15,{"Bassa","Media","Alta"},0)) | G15: Budget di potenza e piano operativo | H15: A5 | J15: Giuliano | K15: Aperto | L15: A1-bis | M15: Probabilità da valutare in A6
A16: R-15 | B16: Riallineamento delle bande a strisce | C16: Bordi colorati se l'assetto oscilla (0,001°/s → ~4 m) | E16: Media | F16: =IF(OR(D16="",E16=""),"",MATCH(D16,{"Bassa","Media","Alta"},0)*MATCH(E16,{"Bassa","Media","Alta"},0)) | G16: Requisito di stabilità ADCS (DR-05); riallineamento a terra | H16: A5 | J16: Giuliano | K16: Aperto | L16: A2 | M16: Probabilità da valutare in A6
A17: R-16 | B17: Luce diffusa notturna (Luna, alone delle città) | C17: Contrasto ridotto sulle zone buie | E17: Media | F17: =IF(OR(D17="",E17=""),"",MATCH(D17,{"Bassa","Media","Alta"},0)*MATCH(E17,{"Bassa","Media","Alta"},0)) | G17: Bilancio radiometrico con Luna; deflettori | H17: A4 | J17: Giuseppe | K17: Aperto | L17: A2 | M17: A3: luna piena ~7 nW/cm²/sr, come un paese illuminato. Probabilità da valutare in A6
A18: R-17 | B18: Disponibilità e vincoli di export dei sensori sCMOS spaziali | C18: Sensore non acquistabile | E18: Alta | F18: =IF(OR(D18="",E18=""),"",MATCH(D18,{"Bassa","Media","Alta"},0)*MATCH(E18,{"Bassa","Media","Alta"},0)) | G18: Indagine di mercato | H18: A5 | J18: Giuseppe | K18: Aperto | L18: A2 | M18: Probabilità da valutare in A6
A19: R-18 | B19: Leggero aliasing (Q = 0,92, MTF a Nyquist ~0,28) | C19: Artefatti su strutture regolari | D19: Bassa | E19: Bassa | F19: =IF(OR(D19="",E19=""),"",MATCH(D19,{"Bassa","Media","Alta"},0)*MATCH(E19,{"Bassa","Media","Alta"},0)) -> 1 | G19: Nessuna: accettabile per la mappatura dei danni | H19: A2 | J19: Giuseppe | K19: Accettato | L19: A2
A20: R-19 | B20: Radianze notturne reali diverse dalle medie VIIRS (750 m) a 5 m, e diverse tra LED e sodio | C20: SNR locale più basso del previsto | E20: Media | F20: =IF(OR(D20="",E20=""),"",MATCH(D20,{"Bassa","Media","Alta"},0)*MATCH(E20,{"Bassa","Media","Alta"},0)) | G20: Binning adattivo; riserva 3×3 | H20: Fase B | J20: Giuseppe | K20: Aperto | L20: A3 | M20: Probabilità da valutare in A6
A21: R-20 | B21: Il modello SNR trascura luce diffusa dall'atmosfera, luce parassita e sfocatura | C21: SNR reale un po' più basso | E21: Media | F21: =IF(OR(D21="",E21=""),"",MATCH(D21,{"Bassa","Media","Alta"},0)*MATCH(E21,{"Bassa","Media","Alta"},0)) | G21: Riserva 3×3; deflettori; analisi di luce parassita | H21: Fase B | J21: Giuseppe | K21: Aperto | L21: A3 | M21: Probabilità da valutare in A6
A22: R-21 | B22: Riallineamento degli scatti su zone completamente al buio | C22: Immagine sommata sfocata proprio nel blackout | E22: Media | F22: =IF(OR(D22="",E22=""),"",MATCH(D22,{"Bassa","Media","Alta"},0)*MATCH(E22,{"Bassa","Media","Alta"},0)) | G22: Riallineamento con i dati d'assetto (giroscopi, star tracker) | H22: A5 | J22: Entrambi | K22: Aperto | L22: A3 | M22: Dipende dalla conoscenza d'assetto di Giuliano. Probabilità da valutare in A6
A23: R-22 | B23: Pochi sensori diurni di questa taglia superano 20 immagini/s | C23: TDI digitale a 4 passaggi non realizzabile; SNR invernale basso | E23: Media | F23: =IF(OR(D23="",E23=""),"",MATCH(D23,{"Bassa","Media","Alta"},0)*MATCH(E23,{"Bassa","Media","Alta"},0)) | G23: Indagine di mercato; ritaglio della finestra letta | H23: A5 | J23: Giuseppe | K23: Aperto | L23: A3 | M23: Probabilità da valutare in A6
F24: =IF(OR(D24="",E24=""),"",MATCH(D24,{"Bassa","Media","Alta"},0)*MATCH(E24,{"Bassa","Media","Alta"},0))
F25: =IF(OR(D25="",E25=""),"",MATCH(D25,{"Bassa","Media","Alta"},0)*MATCH(E25,{"Bassa","Media","Alta"},0))
F26: =IF(OR(D26="",E26=""),"",MATCH(D26,{"Bassa","Media","Alta"},0)*MATCH(E26,{"Bassa","Media","Alta"},0))
F27: =IF(OR(D27="",E27=""),"",MATCH(D27,{"Bassa","Media","Alta"},0)*MATCH(E27,{"Bassa","Media","Alta"},0))
F28: =IF(OR(D28="",E28=""),"",MATCH(D28,{"Bassa","Media","Alta"},0)*MATCH(E28,{"Bassa","Media","Alta"},0))
F29: =IF(OR(D29="",E29=""),"",MATCH(D29,{"Bassa","Media","Alta"},0)*MATCH(E29,{"Bassa","Media","Alta"},0))
F30: =IF(OR(D30="",E30=""),"",MATCH(D30,{"Bassa","Media","Alta"},0)*MATCH(E30,{"Bassa","Media","Alta"},0))
F31: =IF(OR(D31="",E31=""),"",MATCH(D31,{"Bassa","Media","Alta"},0)*MATCH(E31,{"Bassa","Media","Alta"},0))
F32: =IF(OR(D32="",E32=""),"",MATCH(D32,{"Bassa","Media","Alta"},0)*MATCH(E32,{"Bassa","Media","Alta"},0))
F33: =IF(OR(D33="",E33=""),"",MATCH(D33,{"Bassa","Media","Alta"},0)*MATCH(E33,{"Bassa","Media","Alta"},0))
F34: =IF(OR(D34="",E34=""),"",MATCH(D34,{"Bassa","Media","Alta"},0)*MATCH(E34,{"Bassa","Media","Alta"},0))
F35: =IF(OR(D35="",E35=""),"",MATCH(D35,{"Bassa","Media","Alta"},0)*MATCH(E35,{"Bassa","Media","Alta"},0))
... F39: =IF(OR(D39="",E39=""),"",MATCH(D39,{"Bassa","Media","Alta"},0)*MATCH(E39,{"Bassa","Media","Alta"},0))

Sheet Liste
A1: Stato_dec | B1: Autore | C1: Area | D1: Fase | E1: Stato_req | F1: Livello | G1: Stato_risk | H1: Tipo_req
A2: Aperta | B2: Giuliano | C2: Missione | D2: Fase 0 | E2: Approvato | F2: Bassa | G2: Aperto | H2: Missione
A3: Proposta | B3: Giuseppe | C3: Orbita | D3: A1 | E3: TBC | F3: Media | G3: In mitigazione | H3: Lancio
A4: Approvata | B4: Entrambi | C4: Propulsione | D4: A1-bis | E4: TBD | F4: Alta | G4: Accettato | H4: Derivato
A5: Provvisoria | C5: GNC | D5: A2 | E5: Da riscrivere | G5: Chiuso
A6: Superata | C6: TT&C / Terra | D6: A3 | E6: Superato
C7: Payload | D7: A4
C8: AI / Dati | D8: A5
C9: Potenza | D9: A6
C10: Termico | D10: Fase B
C11: Struttura
C12: Lancio
C13: Gestione
